layer	router	experts	reduction	fusion
0	CPU	CPU	CPU	0
1	CPU	CPU	CPU	0
2	CPU	CPU	CPU	0
3	CPU	CPU	CPU	0
4	CPU	CPU	CPU	0
5	CPU	CPU	CPU	0
6	CPU	CPU	CPU	0
7	CPU	CPU	CPU	0
8	CPU	CPU	CPU	0
9	CPU	CPU	CPU	0
10	CPU	CPU	CPU	0
11	CPU	CPU	CPU	0
12	CPU	CPU	CPU	0
13	CPU	CPU	CPU	0
14	CPU	CPU	CPU	0
15	CPU	CPU	CPU	0
16	CPU	CPU	CPU	0
17	CPU	CPU	CPU	0
18	CPU	CPU	CPU	0
19	CPU	CPU	CPU	0
20	CPU	CPU	CPU	0
21	CPU	CPU	CPU	0
22	CPU	CPU	CPU	0
23	CPU	CPU	CPU	0
24	CPU	CPU	CUDA0	1
25	CUDA0	CPU	CUDA0	1
26	CUDA0	CPU	CUDA0	1
27	CUDA0	CPU	CUDA0	1
28	CUDA0	CPU	CUDA0	1
29	CUDA0	CPU	CUDA0	1
30	CUDA0	CPU	CUDA0	1
31	CUDA0	CPU	CUDA0	1
32	CUDA0	CPU	CUDA0	1
33	CUDA0	CPU	CUDA0	1
34	CUDA0	CPU	CUDA0	1
35	CUDA0	CPU	CUDA0	1
